DIRECCION	COORDENADAS
San Pablo 2230	(32.4373472, -117.0289833)
Rufina Castillo 750	(-33.4436898461538, -70.7592503153846)
